No,カテゴリ,分野名_JP,分野名_EN,主要キーワード,Google Scholar クエリ,標準教科書例,重要式・概念
1,化学工学コア,化学工学基礎,Chemical Engineering Fundamentals,"mass balance, energy balance, conservation","(""chemical engineering fundamentals"") AND (""mass balance"" OR ""energy balance"") AND (""ODE"" OR ""differential equation"")","Felder Elementary Principles of Chemical Processes; Himmelblau Basic Principles","物質収支、エネルギー収支、CSTR の動特性"
2,化学工学コア,反応工学（基礎）,Reaction Engineering Basics,"reaction kinetics, CSTR, PFR, batch reactor","(""reaction engineering"" OR ""chemical reactor"") AND (""kinetics"") AND (""CSTR"" OR ""PFR"" OR ""batch reactor"")","Fogler Elements of Chemical Reaction Engineering 5th; Levenspiel Chemical Reaction Engineering 3rd","r=kC, Arrhenius, design equations for CSTR/PFR/batch"
3,化学工学コア,反応工学（応用）,Reaction Engineering Advanced,"non-isothermal reactor, multi-phase, catalysis","(""reactor design"") AND (""non-isothermal"" OR ""multiphase"" OR ""catalytic"") AND (""mathematical model"")","Fogler Ch. 8-12; Froment Chemical Reactor Analysis","非等温反応器、固定床、流動床、多相反応器"
4,化学工学コア,プロセス制御（基礎）,Process Control Basics,"PID, dynamics, transfer function","(""process control"") AND (""PID"" OR ""transfer function"" OR ""dynamics"") AND (""first-order"" OR ""ODE"")","Seborg Process Dynamics and Control 4th; Bequette Process Control","PID, Laplace, FOPDT, state-space"
5,化学工学コア,プロセス制御（応用）,Process Control Advanced,"MPC, adaptive control, nonlinear control","(""model predictive control"" OR ""adaptive control"") AND (""process"") AND (""dynamic model"")","Camacho Model Predictive Control; Henson Nonlinear Process Control","MPC、適応制御、非線形制御"
6,化学工学コア,熱力学（基礎）,Thermodynamics Basics,"phase equilibrium, equation of state, Gibbs energy","(""chemical thermodynamics"" OR ""thermodynamics"") AND (""phase equilibrium"" OR ""equation of state"")","Smith Van Ness Abbott Introduction to Chemical Engineering Thermodynamics","状態方程式、相平衡、Gibbs エネルギー"
7,化学工学コア,熱力学（応用）,Thermodynamics Advanced,"polymer thermodynamics, electrolyte, supercritical","(""advanced thermodynamics"") AND (""polymer"" OR ""electrolyte"" OR ""supercritical"")","Prausnitz Molecular Thermodynamics of Fluid-Phase Equilibria","高分子・電解質・超臨界系の熱力学"
8,化学工学コア,流体力学（基礎）,Fluid Dynamics Basics,"Navier-Stokes, Bernoulli, viscous flow","(""fluid mechanics"" OR ""fluid dynamics"") AND (""Navier-Stokes"" OR ""Bernoulli"") AND (""boundary conditions"")","White Fluid Mechanics 8th; Bird-Stewart-Lightfoot Transport Phenomena","Navier-Stokes, Bernoulli, Reynolds 数"
9,化学工学コア,流体力学（応用）,Fluid Dynamics Advanced,"turbulence, multiphase flow, CFD","(""turbulent flow"" OR ""multiphase flow"") AND (""RANS"" OR ""LES"" OR ""CFD model"")","Pope Turbulent Flows; Crowe Multiphase Flows with Droplets and Particles","乱流、多相流、混合"
10,化学工学コア,伝熱（基礎）,Heat Transfer Basics,"Fourier law, conduction, convection, radiation","(""heat transfer"") AND (""Fourier"" OR ""conduction"" OR ""convection"" OR ""radiation"") AND (""differential equation"")","Incropera Fundamentals of Heat and Mass Transfer 8th; Bergman","Fourier 法則、Newton 冷却、Stefan-Boltzmann"
11,化学工学コア,伝熱（応用）,Heat Transfer Advanced,"heat exchanger, boiling, condensation, non-Newtonian","(""heat exchanger"") AND (""dynamic model"" OR ""thermal design"") AND (""LMTD"" OR ""NTU"")","Kakac Heat Exchangers; Carey Liquid-Vapor Phase-Change Phenomena","熱交換器、沸騰・凝縮、対数平均温度差"
12,化学工学コア,物質移動,Mass Transfer,"Fick law, diffusion, mass transfer coefficient","(""mass transfer"") AND (""Fick"" OR ""diffusion coefficient"") AND (""concentration gradient"")","Cussler Diffusion: Mass Transfer in Fluid Systems; Geankoplis","Fick 法則、Sherwood 数、対流物質移動"
13,化学工学コア,輸送現象,Transport Phenomena,"momentum heat mass coupling, BSL","(""transport phenomena"") AND (""momentum transfer"" OR ""heat and mass transfer"") AND (""coupled equations"")","Bird-Stewart-Lightfoot Transport Phenomena 2nd","運動量・熱・物質移動の同時取扱い、無次元数"
14,化学工学コア,分離プロセス,Separation Processes,"distillation, absorption, extraction, McCabe-Thiele","(""distillation"" OR ""absorption"" OR ""extraction"") AND (""mass transfer"" OR ""tray model"" OR ""HETP"")","Seader Separation Process Principles 4th; Geankoplis","McCabe-Thiele, NRTL, HETP, MESH 式"
15,電気化学,電気化学（基礎）,Electrochemistry Basics,"Butler-Volmer, Nernst, Tafel, electrode kinetics","(""electrochemistry"") AND (""Butler-Volmer"" OR ""Nernst equation"") AND (""electrode kinetics"")","Bard Faulkner Electrochemical Methods 2nd","Butler-Volmer, Nernst, Tafel, EIS"
16,電気化学,電気化学（応用）,Electrochemistry Advanced,"battery model, fuel cell, electrolysis","(""battery"" OR ""fuel cell"" OR ""electrolyzer"") AND (""mathematical model"") AND (""electrochemistry"")","Newman Electrochemical Systems 3rd","電池モデル、燃料電池、電気分解"
17,バイオ・薬学,バイオプロセス,Bioprocess Engineering,"Monod kinetics, chemostat, fed-batch, fermentation","(""bioprocess"" OR ""fermentation"") AND (""Monod"" OR ""chemostat"" OR ""kinetic model"")","Shuler Bioprocess Engineering 3rd; Bailey Biochemical Engineering Fundamentals","Monod, μ_max, K_S, chemostat 定常解"
18,バイオ・薬学,薬学,Pharmaceutical Engineering,"dissolution, pharmacokinetics, Noyes-Whitney","(""pharmaceutical"") AND (""dissolution model"" OR ""pharmacokinetics"") AND (""ODE"")","Aulton Pharmaceutics 5th; Shargel Applied Biopharmaceutics","Noyes-Whitney、コンパートメントモデル、薬物動態"
19,バイオ・薬学,食品工学,Food Process Engineering,"thermal processing, drying, freezing, food rheology","(""food engineering"") AND (""drying"" OR ""freezing"" OR ""thermal process"") AND (""mathematical model"")","Singh Heldman Introduction to Food Engineering 5th","食品加熱処理、乾燥、凍結、レオロジー"
20,材料・高分子,高分子工学,Polymer Engineering,"polymerization kinetics, MWD, viscosity","(""polymer"") AND (""polymerization kinetics"" OR ""molecular weight distribution"") AND (""kinetic model"")","Odian Principles of Polymerization 4th","重合速度、分子量分布、粘度モデル"
21,材料・高分子,半導体物理,Semiconductor Physics,"drift-diffusion, Shockley equation, MOSFET","(""semiconductor device"") AND (""drift-diffusion"" OR ""Shockley equation"") AND (""ODE"")","Sze Physics of Semiconductor Devices 3rd","Drift-diffusion, Shockley, MOSFET モデル"
22,エネルギー・環境,燃焼工学,Combustion Engineering,"flame propagation, kinetic mechanism, NOx","(""combustion"") AND (""flame propagation"" OR ""kinetic mechanism"") AND (""premixed"" OR ""diffusion flame"")","Turns Introduction to Combustion 3rd; Glassman Combustion 5th","Arrhenius, flame speed, NOx 形成、化学量論"
23,エネルギー・環境,原子力工学,Nuclear Engineering,"neutron diffusion, point kinetics, decay heat","(""nuclear reactor"") AND (""neutron diffusion"" OR ""point kinetics"") AND (""differential equation"")","Duderstadt Hamilton Nuclear Reactor Analysis","中性子拡散、point kinetics、崩壊熱"
24,エネルギー・環境,HVAC,Heating Ventilation and Air Conditioning,"psychrometrics, humidity ratio, cooling load","(""HVAC"" OR ""psychrometrics"") AND (""cooling load"" OR ""humidity ratio"") AND (""mathematical model"")","ASHRAE Handbook Fundamentals","湿度比 W、空気線図、冷房負荷"
25,エネルギー・環境,環境工学,Environmental Engineering,"pollutant transport, advection-diffusion, water treatment","(""environmental engineering"") AND (""pollutant transport"" OR ""advection-diffusion"" OR ""water treatment"") AND (""ODE"" OR ""PDE"")","Davis Cornwell Introduction to Environmental Engineering","汚染物質輸送、移流拡散、水処理"
26,物理・機械工学,光学,Optics,"refraction, lens equation, wave optics","(""optics"") AND (""refraction"" OR ""lens equation"" OR ""diffraction"") AND (""Maxwell"" OR ""wave equation"")","Hecht Optics 5th","Snell の法則、Lensmaker, Maxwell 方程式"
27,物理・機械工学,音響学,Acoustics,"wave equation, resonance, impedance","(""acoustics"") AND (""wave equation"" OR ""resonance frequency"" OR ""impedance"")","Kinsler Fundamentals of Acoustics 4th","波動方程式、共振、Helmholtz 共鳴"
28,物理・機械工学,空力,Aerodynamics,"lift, drag, boundary layer, airfoil","(""aerodynamics"") AND (""lift"" OR ""drag"" OR ""boundary layer"") AND (""airfoil"" OR ""flow equation"")","Anderson Fundamentals of Aerodynamics 6th","Lift coefficient, drag coefficient, boundary layer"
29,物理・機械工学,振動学,Vibrations,"single-DoF, multi-DoF, modal analysis","(""vibration"") AND (""single degree of freedom"" OR ""modal analysis"") AND (""differential equation"")","Rao Mechanical Vibrations 6th","mx'' + cx' + kx = F、固有値解析"
30,物理・機械工学,構造力学,Structural Mechanics,"beam bending, stress strain, finite element","(""structural mechanics"") AND (""beam bending"" OR ""stress-strain"") AND (""ODE"" OR ""PDE"")","Hibbeler Mechanics of Materials 10th","梁の曲げ、応力歪み、はり方程式"
31,物理・機械工学,電気工学,Electrical Engineering,"RLC circuit, Kirchhoff laws, Maxwell","(""electrical engineering"" OR ""circuit analysis"") AND (""RLC"" OR ""Kirchhoff"" OR ""Maxwell"") AND (""differential equation"")","Sadiku Fundamentals of Electric Circuits 7th","RLC, Kirchhoff, Maxwell 方程式"
32,物理・機械工学,地盤工学,Geotechnical Engineering,"consolidation, slope stability, earth pressure","(""geotechnical engineering"") AND (""consolidation"" OR ""slope stability"" OR ""earth pressure"") AND (""mathematical model"")","Das Principles of Geotechnical Engineering 9th","Terzaghi 圧密、Rankine 土圧、Ordinary Method of Slices"
